{
  "evaluated": 351,
  "with_odds": 351,
  "bands": {
    "0.30": {
      "n": 327,
      "hits": 168,
      "odds_net": -23.22999999999999
    },
    "0.40": {
      "n": 282,
      "hits": 150,
      "odds_net": -23.019999999999996
    },
    "0.50": {
      "n": 164,
      "hits": 97,
      "odds_net": -15.289999999999996
    },
    "0.55": {
      "n": 113,
      "hits": 73,
      "odds_net": -6.609999999999999
    },
    "0.60": {
      "n": 65,
      "hits": 49,
      "odds_net": 2.2499999999999996
    },
    "0.65": {
      "n": 38,
      "hits": 31,
      "odds_net": 2.4
    },
    "0.70": {
      "n": 20,
      "hits": 15,
      "odds_net": -1.6000000000000008
    },
    "0.75": {
      "n": 13,
      "hits": 10,
      "odds_net": -0.9900000000000004
    }
  },
  "deciles": {
    "0.3": {
      "n": 31,
      "hits": 15,
      "odds_net": 17.300000000000004,
      "implied_sum": 9.090379529835083
    },
    "0.4": {
      "n": 100,
      "hits": 42,
      "odds_net": -4.410000000000002,
      "implied_sum": 41.022836999515135
    },
    "0.5": {
      "n": 107,
      "hits": 51,
      "odds_net": -11.309999999999999,
      "implied_sum": 53.31966553836462
    },
    "0.6": {
      "n": 75,
      "hits": 42,
      "odds_net": -9.01,
      "implied_sum": 44.31801599429183
    },
    "0.7": {
      "n": 25,
      "hits": 21,
      "odds_net": 3.3900000000000006,
      "implied_sum": 17.24184679818941
    },
    "0.8": {
      "n": 13,
      "hits": 10,
      "odds_net": -0.9900000000000004,
      "implied_sum": 10.054079829013729
    }
  }
}